{
  "accuracy": 76.09714285714286,
  "macro_f1": 0.5331950096877773,
  "weighted_f1": 0.7662422273208407,
  "per_class_f1": {
    "Adload": 0.36224671169569855,
    "Artemis": 0.9946264517247356,
    "BitCoinMiner": 0.9949755629653314,
    "CCleaner": 0.6428571428571429,
    "Cobalt": 0.5436942034452408,
    "Downware": 0.03303684879288437,
    "Dridex": 1.0,
    "Emotet": 0.7724243977447462,
    "HTBot": 0.1076923076923077,
    "MagicHound": 0.10352650030934213,
    "MinerTrojan": 0.9249720044792833,
    "PUA": 0.21458333333333332,
    "Ramnit": 0.9804989650288702,
    "Sality": 0.9276485788113695,
    "Tinba": 0.5403299725022914,
    "TrickBot": 0.503985828166519,
    "Trickster": 0.35294117647058826,
    "TrojanDownloader": 0.07218683651804671,
    "Ursnif": 0.11347517730496454,
    "WebCompanion": 0.09103922129974235,
    "benign": 0.9203539823008849
  },
  "ensemble_weights": {
    "lgb": 0.5007896197226965,
    "rf": 0.49921038027730347
  },
  "baseline_comparison": {
    "baseline_macro_f1": 0.5103,
    "improvement_pct": 4.486578422061014
  }
}