{
  "per_class_f1": {
    "Adload": 0.7060179123238883,
    "Artemis": 0.9597846205620058,
    "BitCoinMiner": 0.9791889858904516,
    "CCleaner": 0.0,
    "Cobalt": 0.33248579120550403,
    "Downware": 0.043010752688172046,
    "Dridex": 0.9836544480767894,
    "Emotet": 0.7359006211180125,
    "HTBot": 0.2552083333333333,
    "MagicHound": 0.0,
    "MinerTrojan": 0.9357867067217424,
    "PUA": 0.22717622080679406,
    "Ramnit": 0.9636172450052576,
    "Sality": 0.8916373539089981,
    "Tinba": 0.5063559322033898,
    "TrickBot": 0.30434782608695654,
    "Trickster": 0.0,
    "TrojanDownloader": 0.6812799193751574,
    "Ursnif": 0.25092250922509224,
    "WebCompanion": 0.0,
    "benign": 0.959349593495935
  },
  "class_names": [
    "Adload",
    "Artemis",
    "BitCoinMiner",
    "CCleaner",
    "Cobalt",
    "Downware",
    "Dridex",
    "Emotet",
    "HTBot",
    "MagicHound",
    "MinerTrojan",
    "PUA",
    "Ramnit",
    "Sality",
    "Tinba",
    "TrickBot",
    "Trickster",
    "TrojanDownloader",
    "Ursnif",
    "WebCompanion",
    "benign"
  ],
  "macro_f1": 0.5102726081917847,
  "macro_precision": 0.5437089927415023,
  "macro_recall": 0.5122479547266167,
  "weighted_f1": 0.7751955646817074,
  "weighted_precision": 0.7743271529292908,
  "weighted_recall": 0.7867571428571428,
  "accuracy": 0.7867571428571428
}