{
  "optimal_thresholds": {
    "Adload": 0.34,
    "Artemis": 0.46,
    "BitCoinMiner": 0.49,
    "CCleaner": 0.06,
    "Cobalt": 0.41000000000000003,
    "Downware": 0.12,
    "Dridex": 0.5,
    "Emotet": 0.32,
    "HTBot": 0.1,
    "MagicHound": 0.12,
    "MinerTrojan": 0.16,
    "PUA": 0.16,
    "Ramnit": 0.49,
    "Sality": 0.45,
    "Tinba": 0.23,
    "TrickBot": 0.13,
    "Trickster": 0.5,
    "TrojanDownloader": 0.04,
    "Ursnif": 0.13,
    "WebCompanion": 0.11,
    "benign": 0.05
  },
  "confidence_stats": {
    "Adload": {
      "min": 0.0018309466540813446,
      "mean": 0.4942227602005005,
      "max": 0.683439314365387,
      "std": 0.14032991230487823,
      "count": 8966
    },
    "Artemis": {
      "min": 0.0018235105089843273,
      "mean": 0.7918056845664978,
      "max": 0.9392699003219604,
      "std": 0.19460688531398773,
      "count": 2940
    },
    "BitCoinMiner": {
      "min": 0.0016076862812042236,
      "mean": 0.8824942708015442,
      "max": 0.9679052233695984,
      "std": 0.1316598653793335,
      "count": 21666
    },
    "CCleaner": {
      "min": 0.0015080954181030393,
      "mean": 0.47297751903533936,
      "max": 0.4753980040550232,
      "std": 0.02533034235239029,
      "count": 1312
    },
    "Cobalt": {
      "min": 0.0012604783987626433,
      "mean": 0.39278680086135864,
      "max": 0.5149405598640442,
      "std": 0.1317988485097885,
      "count": 5785
    },
    "Downware": {
      "min": 0.0011800853535532951,
      "mean": 0.07574718445539474,
      "max": 0.20120535790920258,
      "std": 0.04712441563606262,
      "count": 633
    },
    "Dridex": {
      "min": 0.0008744547376409173,
      "mean": 0.9060590267181396,
      "max": 0.968882143497467,
      "std": 0.1265515685081482,
      "count": 7088
    },
    "Emotet": {
      "min": 0.0006673314492218196,
      "mean": 0.5798537135124207,
      "max": 0.9111093878746033,
      "std": 0.37622860074043274,
      "count": 2479
    },
    "HTBot": {
      "min": 0.0008297822787426412,
      "mean": 0.13063758611679077,
      "max": 0.26523295044898987,
      "std": 0.07389693707227707,
      "count": 957
    },
    "MagicHound": {
      "min": 0.0038781240582466125,
      "mean": 0.08712867647409439,
      "max": 0.17298908531665802,
      "std": 0.04732180014252663,
      "count": 595
    },
    "MinerTrojan": {
      "min": 0.0008696325239725411,
      "mean": 0.7973255515098572,
      "max": 0.9167774319648743,
      "std": 0.2852330803871155,
      "count": 1433
    },
    "PUA": {
      "min": 0.0007467370014637709,
      "mean": 0.14894039928913116,
      "max": 0.6072784662246704,
      "std": 0.17149651050567627,
      "count": 711
    },
    "Ramnit": {
      "min": 0.0012498743599280715,
      "mean": 0.8968854546546936,
      "max": 0.9596838355064392,
      "std": 0.16586653888225555,
      "count": 4788
    },
    "Sality": {
      "min": 0.002400223398581147,
      "mean": 0.8045966029167175,
      "max": 0.9595049023628235,
      "std": 0.29832443594932556,
      "count": 4832
    },
    "Tinba": {
      "min": 0.001556160394102335,
      "mean": 0.41698548197746277,
      "max": 0.8979766964912415,
      "std": 0.32908889651298523,
      "count": 2365
    },
    "TrickBot": {
      "min": 0.005567578598856926,
      "mean": 0.20978036522865295,
      "max": 0.7464578151702881,
      "std": 0.19477595388889313,
      "count": 1288
    },
    "Trickster": {
      "min": 0.0016559343785047531,
      "mean": 0.0021692884620279074,
      "max": 0.002711236011236906,
      "std": 0.0003852162335533649,
      "count": 7
    },
    "TrojanDownloader": {
      "min": 0.0009068766958080232,
      "mean": 0.5132304430007935,
      "max": 0.5170501470565796,
      "std": 0.0389728881418705,
      "count": 1315
    },
    "Ursnif": {
      "min": 0.000792844220995903,
      "mean": 0.1522950679063797,
      "max": 0.5841282606124878,
      "std": 0.180339515209198,
      "count": 209
    },
    "WebCompanion": {
      "min": 0.006621123757213354,
      "mean": 0.07343287765979767,
      "max": 0.19562354683876038,
      "std": 0.044936653226614,
      "count": 580
    },
    "benign": {
      "min": 0.0006887629861012101,
      "mean": 0.763721227645874,
      "max": 0.8282734751701355,
      "std": 0.19168402254581451,
      "count": 51
    }
  },
  "improvements": {
    "Adload": 0.0014611024848956156,
    "Artemis": 0.007951765930375276,
    "BitCoinMiner": 0.0015728742569148801,
    "CCleaner": 0.0,
    "Cobalt": -0.015919950129928917,
    "Downware": 0.014211852048256663,
    "Dridex": 0.0,
    "Emotet": 0.016519606932550723,
    "HTBot": 0.020339789991164703,
    "MagicHound": 0.0,
    "MinerTrojan": 0.0,
    "PUA": 0.018370139112070166,
    "Ramnit": 0.012847781510294087,
    "Sality": 0.008544786474784183,
    "Tinba": 0.0036789719622551953,
    "TrickBot": 0.013302644419055543,
    "Trickster": 0.0,
    "TrojanDownloader": 0.0,
    "Ursnif": 0.014840612449799173,
    "WebCompanion": 0.0,
    "benign": 0.0
  },
  "summary": {
    "macro_f1_before": 0.509151066947394,
    "macro_f1_after": 0.5147568753970363,
    "weighted_f1_before": 0.7748165233125873,
    "weighted_f1_after": 0.7775690065061309,
    "accuracy_before": 0.7858285714285714,
    "accuracy_after": 0.7863285714285714
  }
}