{
  "val_metrics": {
    "accuracy": 76.06714285714285,
    "macro_f1": 0.5242802331462777,
    "weighted_f1": 0.761854902644548,
    "per_class_f1": {
      "Adload": 0.33027689514298686,
      "Artemis": 0.9896516040013797,
      "BitCoinMiner": 0.9917510654873746,
      "CCleaner": 0.6271137861851533,
      "Cobalt": 0.5387894288150042,
      "Downware": 0.06220546654099906,
      "Dridex": 0.999073348064723,
      "Emotet": 0.7712451861360718,
      "HTBot": 0.13676212741087085,
      "MagicHound": 0.06908344733242135,
      "MinerTrojan": 0.9256630556593202,
      "PUA": 0.195,
      "Ramnit": 0.9806184668989547,
      "Sality": 0.9270497094899935,
      "Tinba": 0.5590304925723222,
      "TrickBot": 0.46464646464646464,
      "Trickster": 0.26666666666666666,
      "TrojanDownloader": 0.18421052631578946,
      "Ursnif": 0.08137044967880086,
      "WebCompanion": 0.06414825374198146,
      "benign": 0.8455284552845529
    }
  },
  "baseline": {
    "Adload": 0.6977,
    "Artemis": 0.9575,
    "BitCoinMiner": 0.9782,
    "CCleaner": 0.0,
    "Cobalt": 0.3138,
    "Downware": 0.0439,
    "Dridex": 0.9841,
    "Emotet": 0.7311,
    "HTBot": 0.2421,
    "MagicHound": 0.0,
    "MinerTrojan": 0.9304,
    "PUA": 0.2225,
    "Ramnit": 0.9619,
    "Sality": 0.8857,
    "Tinba": 0.5309,
    "TrickBot": 0.3139,
    "Trickster": 0.0,
    "TrojanDownloader": 0.679,
    "Ursnif": 0.2264,
    "WebCompanion": 0.0,
    "benign": 0.9247
  },
  "class_weights": {
    "Adload": 0.37241867307226784,
    "Artemis": 0.9264084303167159,
    "BitCoinMiner": 0.12280439179206147,
    "CCleaner": 25.70033410434336,
    "Cobalt": 2.8745544440611703,
    "Downware": 26.571011026969575,
    "Dridex": 0.3735742887495768,
    "Emotet": 1.35985041645419,
    "HTBot": 17.080877957126997,
    "MagicHound": 56.78591709256104,
    "MinerTrojan": 1.858628100133589,
    "PUA": 23.359028264424204,
    "Ramnit": 0.5659009319680973,
    "Sality": 0.6873560848197409,
    "Tinba": 7.053180984624065,
    "TrickBot": 12.982797792924375,
    "Trickster": 5555.555555555556,
    "TrojanDownloader": 2.5195263290501386,
    "Ursnif": 76.80491551459293,
    "WebCompanion": 54.046750439129845,
    "benign": 42.8380187416332
  }
}